	brand	reference
0	Audemars Piguet	14790
1	Audemars Piguet	14790ST
2	Audemars Piguet	14908
3	Audemars Piguet	15202OR.OO.1240OR.01
4	Audemars Piguet	15202ST.OO.0944ST.01
5	Audemars Piguet	15202ST.OO.1240ST.01
6	Audemars Piguet	15300OR.OO.D088CR.02
7	Audemars Piguet	15300ST.OO.1220ST.01
8	Audemars Piguet	15300ST.OO.1220ST.02
9	Audemars Piguet	15300ST.OO.1220ST.03
10	Audemars Piguet	15305OR.OO.D088CR.01
11	Audemars Piguet	15305ST.OO.1220ST.01
12	Audemars Piguet	15320OR.OO.D002CR.01
13	Audemars Piguet	15325BC.OO.D102CR.01
14	Audemars Piguet	15350OR.OO.D093CR.01
15	Audemars Piguet	15350ST.OO.D002CR.01
16	Audemars Piguet	15400OR.OO.1220OR.01
17	Audemars Piguet	15400OR.OO.1220OR.02
18	Audemars Piguet	15400OR.OO.1220OR.03
19	Audemars Piguet	15400OR.OO.D002CR.01
20	Audemars Piguet	15400OR.OO.D088CR.01
21	Audemars Piguet	15400SR.OO.1220SR.01
22	Audemars Piguet	15400ST.OO.1220ST.01
23	Audemars Piguet	15400ST.OO.1220ST.02
24	Audemars Piguet	15400ST.OO.1220ST.03
25	Audemars Piguet	15400ST.OO.1220ST.04
26	Audemars Piguet	15450ST.OO.1256ST.01
27	Audemars Piguet	15701ST.OO.D002CA.02
28	Audemars Piguet	15701ST.OO.D002CA.03
29	Audemars Piguet	15702AU.OO.D002CA.01
30	Audemars Piguet	15703ST.OO.A002CA.01
31	Audemars Piguet	15706AU.00.A002CA.01
32	Audemars Piguet	15710ST.OO.A002CA.01
33	Audemars Piguet	15710ST.OO.A002CA.02
34	Audemars Piguet	15710ST.OO.A010CA.01
35	Audemars Piguet	25589
36	Audemars Piguet	25594ST
37	Audemars Piguet	25721BA.OO.1000BA.03
38	Audemars Piguet	25721ST
39	Audemars Piguet	25721ST.OO.1000ST.01
40	Audemars Piguet	25721ST.OO.1000ST.07
41	Audemars Piguet	25721ST.OO.1000ST.07.A
42	Audemars Piguet	25721ST.OO.1000ST.08.A
43	Audemars Piguet	25770SN.OO.0009KE.01
44	Audemars Piguet	25770ST
45	Audemars Piguet	25820ST.OO.0944ST.03
46	Audemars Piguet	25860ST
47	Audemars Piguet	25860ST.OO.1110ST.03
48	Audemars Piguet	25860ST.OO.1110ST.05
49	Audemars Piguet	25863TI.OO.A001CU.01
50	Audemars Piguet	25863TI.OO.A080CU.01
51	Audemars Piguet	25940OK.OO.D002CA.01
52	Audemars Piguet	25940OK.OO.D002CA.01.A
53	Audemars Piguet	25940OK.OO.D002CA.02
54	Audemars Piguet	25940SK
55	Audemars Piguet	25940SK.OO.D002CA.01
56	Audemars Piguet	25940SK.OO.D002CA.01.A
57	Audemars Piguet	25940SK.OO.D002CA.02.A
58	Audemars Piguet	25946BC.ZZ.D001CR.01
59	Audemars Piguet	25955OR.OO.D002CR.01
60	Audemars Piguet	25977OR.OO.D002CR.01
61	Audemars Piguet	25977ST.OO.1205ST.02
62	Audemars Piguet	25977ST.OO.D002CR.01
63	Audemars Piguet	25979ST.0.0002CA.01
64	Audemars Piguet	25980AI.OO.D003SU.01
65	Audemars Piguet	25995IP.OO.1000TI.01
66	Audemars Piguet	26003OR.OO.D002CR.01
67	Audemars Piguet	26007BA.OO.D088CR.01
68	Audemars Piguet	26020ST.OO.D001IN.01.A
69	Audemars Piguet	26020ST.OO.D001IN.02.A
70	Audemars Piguet	26020ST.OO.D020IN.01
71	Audemars Piguet	26020ST.OO.D091CR.01
72	Audemars Piguet	26022BA.OO.D088CR.01
73	Audemars Piguet	26022BC.OO.D002CR.01
74	Audemars Piguet	26030I0.OO.D001IN.01
75	Audemars Piguet	26030IO.OO.D001IN.01
76	Audemars Piguet	26030RO.OO.D001IN.01
77	Audemars Piguet	26040ST.OO.D002CA.01
78	Audemars Piguet	26048OK.ZZ.D010CA.01
79	Audemars Piguet	26048SK.ZZ.D010CA.01
80	Audemars Piguet	26048SK.ZZ.D066CA.01
81	Audemars Piguet	26061OR.OO.D002CR.01
82	Audemars Piguet	26062FS.OO.A002CA.01
83	Audemars Piguet	26062OR.OO.A002CA.01
84	Audemars Piguet	26067BC.ZZ.D002CR.01
85	Audemars Piguet	26069PT.OO.D028CR.01
86	Audemars Piguet	26078IO.OO.D001VS.01
87	Audemars Piguet	26078RO.OO.D001VS.01
88	Audemars Piguet	26078RO.OO.D002CR.01
89	Audemars Piguet	26120BA.OO.D088CR.01
90	Audemars Piguet	26120OR.00.D002CR.01
91	Audemars Piguet	26120OR.OO.D002CR.01
92	Audemars Piguet	26120ST.OO.1220ST.01
93	Audemars Piguet	26133ST.OO.A101CR.01
94	Audemars Piguet	26150OR.OO.D003CU.01
95	Audemars Piguet	26150PT.OO.D028CR.01
96	Audemars Piguet	26150ST.OO.D084CU.01
97	Audemars Piguet	26151PT.OO.D028CR.02
98	Audemars Piguet	26158OR.OO.A801CR.01
99	Audemars Piguet	26165IO.OO.A002CA.01
100	Audemars Piguet	26170OR.OO.1000OR.01
101	Audemars Piguet	26170ST.OO.1000ST.01
102	Audemars Piguet	26170ST.OO.D091CR.01
103	Audemars Piguet	26170ST.OO.D101CR.01
104	Audemars Piguet	26170ST.OO.D101CR.02
105	Audemars Piguet	26170ST.OO.D101CR.03
106	Audemars Piguet	26170ST.OO.D305CR.01
107	Audemars Piguet	26170TI.OO.1000TI.01
108	Audemars Piguet	26175ST.OO.D003CU.01
109	Audemars Piguet	26176FO
110	Audemars Piguet	26176FO.OO.D101CR.02
111	Audemars Piguet	26178OK.OO.D002CA.01
112	Audemars Piguet	26186SN.OO.D101CR.01
113	Audemars Piguet	26190OS.OO.D003CU.01
114	Audemars Piguet	26202AU.OO.D002CA.01
115	Audemars Piguet	26210OI.OO.A109CR.01
116	Audemars Piguet	26221FT.OO.D002CA.01
117	Audemars Piguet	26231ST.ZZ.D002CA.01
118	Audemars Piguet	26267FS.ZZ.D002CA.01
119	Audemars Piguet	26284RO.OO.D002CR.01
120	Audemars Piguet	26288OF.OO.D002CR.01
121	Audemars Piguet	26290IO.OO.A001VE.01
122	Audemars Piguet	26290PO.OO.A001VE.01
123	Audemars Piguet	26290RO.OO.A001VE.01
124	Audemars Piguet	26300ST.OO.1110ST.06
125	Audemars Piguet	26300ST.OO.1110ST.07
126	Audemars Piguet	26300ST.OO.1110ST.08
127	Audemars Piguet	26320BA.OO.1220BA.02
128	Audemars Piguet	26320OR.OO.1220OR.01
129	Audemars Piguet	26320OR.OO.1220OR.02
130	Audemars Piguet	26320OR.OO.D002CR.01
131	Audemars Piguet	26320OR.OO.D088CR.01
132	Audemars Piguet	26320ST.OO.1220ST.01
133	Audemars Piguet	26320ST.OO.1220ST.02
134	Audemars Piguet	26320ST.OO.1220ST.03
135	Audemars Piguet	26325OL.OO.D005CR.01
136	Audemars Piguet	26325PL.OO.D310CR.01
137	Audemars Piguet	26326ST.OO.D027CA.01
138	Audemars Piguet	26331OR.OO.1220OR.02
139	Audemars Piguet	26331ST.OO.1220ST.01
140	Audemars Piguet	26331ST.OO.1220ST.02
141	Audemars Piguet	26331ST.OO.1220ST.03
142	Audemars Piguet	26378IO.OO.A001KE.01
143	Audemars Piguet	26387IO.OO.D002CA.01
144	Audemars Piguet	26388PO.OO.D027CA.01
145	Audemars Piguet	26400AU.OO.A002CA.01
146	Audemars Piguet	26400RO.OO.A002CA.01
147	Audemars Piguet	26400SO.OO.A002CA.01
148	Audemars Piguet	26400SO.OO.A054CA.01
149	Audemars Piguet	26401.RO.OO.A002.CA.01
150	Audemars Piguet	26401PO.OO.A018CR.01
151	Audemars Piguet	26401RO.OO.A002CA.01
152	Audemars Piguet	26401RO.OO.A002CA.02
153	Audemars Piguet	26405CE.OO.A002CA.01
154	Audemars Piguet	26405CE.OO.A002CA.02
155	Audemars Piguet	26408OR.OO.A010CA.01
156	Audemars Piguet	26470OR.OO.1000OR.01
157	Audemars Piguet	26470OR.OO.A002CR.01
158	Audemars Piguet	26470ST
159	Audemars Piguet	26470ST.OO.A027CA.01
160	Audemars Piguet	26470ST.OO.A101CR.01
161	Audemars Piguet	26470ST.OO.A104CR.01
162	Audemars Piguet	26470ST.OO.A801CR.01
163	Audemars Piguet	26471SR.OO.D101CR.01
164	Audemars Piguet	26560IO.OO.D002CA.01
165	Audemars Piguet	26568IM.OO.A004CA.01
166	Audemars Piguet	26568OM.OO.A004CA.01
167	Audemars Piguet	26568PM.OO.A021CA.01
168	Audemars Piguet	26574OR.OO.1220OR.02
169	Audemars Piguet	26574ST.OO.1220ST.02
170	Audemars Piguet	26703ST.OO.A027CA.01
171	Audemars Piguet	26703ST.OO.A051CA.01
172	Audemars Piguet	5402
173	Audemars Piguet	5402ST
174	Audemars Piguet	56175
175	Audemars Piguet	56175SA
176	Audemars Piguet	6007SA
177	Audemars Piguet	67540OK.ZZ.A010CA.01
178	Audemars Piguet	67610ST.OO.D062CR.01
179	Audemars Piguet	67611ST.ZZ.D012CR.01
180	Audemars Piguet	67621ST.ZZ.D012CR.02
181	Audemars Piguet	67651ST.ZZ.1261ST.01
182	Audemars Piguet	67651ST.ZZ.D002CR.01
183	Audemars Piguet	77301BA.ZZ.D097CR.01
184	Audemars Piguet	77301ST.ZZ.D015CR.01
185	Bell & Ross	BR 126
186	Bell & Ross	BR01-92
187	Bell & Ross	BR01-92-S
188	Bell & Ross	BR01-94
189	Bell & Ross	BR01-96
190	Bell & Ross	BR02-94
191	Bell & Ross	BR03-92
192	Bell & Ross	BR03-92-S
193	Bell & Ross	BR03-94
194	Bell & Ross	BR123
195	Bell & Ross	BR123-95
196	Bell & Ross	BR126-94
197	Blancpain	1185-1418-55
198	Blancpain	2100
199	Blancpain	2185F-1130-71
200	Blancpain	2285F-1130-71
201	Blancpain	2360-3691A-55
202	Blancpain	2385F
203	Blancpain	2763
204	Blancpain	2860-3642-53B
205	Blancpain	5015-1130-52
206	Blancpain	6595
207	Blancpain	6606-1127-55B
208	Blancpain	8805-1134-53B
209	Blancpain	8885F-1203-52B
210	Breguet	3130
211	Breguet	3210
212	Breguet	3350
213	Breguet	3400BA
214	Breguet	3460
215	Breguet	3657PT/12/9V6
216	Breguet	3680
217	Breguet	3800
218	Breguet	3800ST/92/SW9
219	Breguet	3807
220	Breguet	3810
221	Breguet	3810BR/92/9ZU
222	Breguet	3810ST/92/9ZU
223	Breguet	3810ST/92/SZ9
224	Breguet	3820
225	Breguet	3820ST/H2/9W6
226	Breguet	3820ST/H2/SW9
227	Breguet	3880BR/Z2/9XV
228	Breguet	3880ST/H2/3XV
229	Breguet	3880ST/H2/SX0
230	Breguet	3910
231	Breguet	5140BA/12/9W6
232	Breguet	5140BA/29/9W6
233	Breguet	5157
234	Breguet	5157BA/11/9V6
235	Breguet	5157BB/11/9V6
236	Breguet	5207BA/12/9V6
237	Breguet	5207BB/12/9V6
238	Breguet	5317BA/12/9V6
239	Breguet	5460BA/12/996
240	Breguet	5480BB/12/996
241	Breguet	5707BA/12/9V6
242	Breguet	5707BB/12/9V6
243	Breguet	5717BR/US/9ZU
244	Breguet	5817
245	Breguet	5817BA/12/5V8
246	Breguet	5817BA/12/9V8
247	Breguet	5817BE/Z2/5V8
248	Breguet	5817BR/Z2/5V8
249	Breguet	5817ST
250	Breguet	5817ST/12/5V8
251	Breguet	5817ST/92/5V8
252	Breguet	5827
253	Breguet	5827BA/12/5ZU
254	Breguet	5827BB/12/5ZU
255	Breguet	5827BR/Z2/5ZU
256	Breguet	5837BR/92/RZ0
257	Breguet	5847BB/12/5ZV
258	Breguet	5847BB/92/5ZV
259	Breguet	5847BR/Z2/5ZV
260	Breguet	5857BR/Z2/5ZU
261	Breguet	5857ST/12/5ZU
262	Breguet	5857ST/12/SZ0
263	Breguet	5910
264	Breguet	5930BA/12/986
265	Breguet	5967BA/11/9W6
266	Breguet	7027
267	Breguet	7027BA/11/9V6
268	Breguet	7027BB/11/9V6
269	Breguet	7057BB/G9/9W6
270	Breguet	8908BA/52/864/D00D
271	Breguet	8967ST/58/986
272	Breguet	BA3380
273	Breitling	0816
274	Breitling	1765
275	Breitling	178
276	Breitling	1806
277	Breitling	1808
278	Breitling	1809
279	Breitling	2110
280	Breitling	2111
281	Breitling	2112
282	Breitling	2117
283	Breitling	2211
284	Breitling	765
285	Breitling	769
286	Breitling	7806
287	Breitling	787
288	Breitling	788
289	Breitling	80360
290	Breitling	80510
291	Breitling	80520
292	Breitling	808
293	Breitling	810
294	Breitling	816
295	Breitling	81600
296	Breitling	81610
297	Breitling	81950
298	Breitling	8806
299	Breitling	A10350
300	Breitling	A13019
301	Breitling	A13022
302	Breitling	A13024
303	Breitling	A13024.1
304	Breitling	A13035.1
305	Breitling	A13047
306	Breitling	A13048
307	Breitling	A13050.1
308	Breitling	A13051
309	Breitling	A13055
310	Breitling	A13320
311	Breitling	A13322
312	Breitling	A13330
313	Breitling	A13335
314	Breitling	A13340
315	Breitling	A13341
316	Breitling	A13350
317	Breitling	A13352
318	Breitling	A13355
319	Breitling	A13356
320	Breitling	A1335611
321	Breitling	A13357
322	Breitling	A13358
323	Breitling	A13362
324	Breitling	A13363
325	Breitling	A13364
326	Breitling	A13370
327	Breitling	A1337011/A660
328	Breitling	A13371
329	Breitling	A1337111/BC29
330	Breitling	A1337111/BC29/168A
331	Breitling	A13380
332	Breitling	A13381
333	Breitling	A13388
334	Breitling	A14360
335	Breitling	A17035
336	Breitling	A17040
337	Breitling	A17045
338	Breitling	A17050
339	Breitling	A17320
340	Breitling	A17321
341	Breitling	A17330
342	Breitling	A17331
343	Breitling	A17340
344	Breitling	A17345
345	Breitling	A17350
346	Breitling	A17360
347	Breitling	A17364
348	Breitling	A17365
349	Breitling	A17380
350	Breitling	A17388
351	Breitling	A17390
352	Breitling	A17391
353	Breitling	A19030
354	Breitling	A19310
355	Breitling	A19340
356	Breitling	A19350
357	Breitling	A19360
358	Breitling	A20048
359	Breitling	A20348
360	Breitling	A21330
361	Breitling	A2133012/B571
362	Breitling	A22322
363	Breitling	A22360
364	Breitling	A22362
365	Breitling	A23320
366	Breitling	A23322
367	Breitling	A23340
368	Breitling	A23351
369	Breitling	A23370
370	Breitling	A24322
371	Breitling	A2432212/B726
372	Breitling	A25362
373	Breitling	A25363
374	Breitling	A25365
375	Breitling	A25366
376	Breitling	A25368
377	Breitling	A26322
378	Breitling	A27362
379	Breitling	A27363
380	Breitling	A27364
381	Breitling	A28362
382	Breitling	A30022
383	Breitling	A30030.2
384	Breitling	A32350
385	Breitling	A32390
386	Breitling	A33030
387	Breitling	A35312
388	Breitling	A35330
389	Breitling	A35340
390	Breitling	A35350
391	Breitling	A37320
392	Breitling	A37330
393	Breitling	A38022
394	Breitling	A39362
395	Breitling	A40035
396	Breitling	A41030
397	Breitling	A41310
398	Breitling	A41322
399	Breitling	A41330
400	Breitling	A41360
401	Breitling	A41370
402	Breitling	A41390
403	Breitling	A42362
404	Breitling	A43030
405	Breitling	A44355
406	Breitling	A44359
407	Breitling	A44360
408	Breitling	A44362
409	Breitling	A44364
410	Breitling	A45310
411	Breitling	A4531012/G751
412	Breitling	A4531012/G751/154A
413	Breitling	A45320
414	Breitling	A45355
415	Breitling	A47362
416	Breitling	A48330
417	Breitling	A49350
418	Breitling	A49350L2/BA07
419	Breitling	A51038
420	Breitling	A53035
421	Breitling	A53040.1
422	Breitling	A53050
423	Breitling	A53350
424	Breitling	A56012.1
425	Breitling	A57035
426	Breitling	A57350
427	Breitling	A59028
428	Breitling	A64350
429	Breitling	A67350
430	Breitling	A67365
431	Breitling	A68062
432	Breitling	A68362
433	Breitling	A69048
434	Breitling	A71340
435	Breitling	A71356
436	Breitling	A71365
437	Breitling	A72345
438	Breitling	A73321
439	Breitling	A73322
440	Breitling	A73350
441	Breitling	A73380
442	Breitling	A73387
443	Breitling	A73390
444	Breitling	A74350
445	Breitling	A74380
446	Breitling	A74387
447	Breitling	A74388
448	Breitling	A74389
449	Breitling	A77346
450	Breitling	A77350
451	Breitling	A77380
452	Breitling	A77387
453	Breitling	A78362
454	Breitling	A78363
455	Breitling	A78364
456	Breitling	A78365
457	Breitling	AB0110
458	Breitling	AB0115
459	Breitling	AB01154G
460	Breitling	AB01154G/BD13
461	Breitling	AB0117131C1A1
462	Breitling	AB0120
463	Breitling	AB012012/BB01
464	Breitling	AB0140
465	Breitling	AB0152
466	Breitling	AB0410
467	Breitling	AB0420
468	Breitling	AB0510
469	Breitling	AB0521
470	Breitling	AB141112/G799
471	Breitling	B10050
472	Breitling	B13019
473	Breitling	B13047
474	Breitling	B13048
475	Breitling	B13050
476	Breitling	B13050.1
477	Breitling	B130501
478	Breitling	B13055
479	Breitling	B13350
480	Breitling	B13352
481	Breitling	B13355
482	Breitling	B13356
483	Breitling	B44356
484	Breitling	B49350
485	Breitling	B52043
486	Breitling	B52045.1
487	Breitling	B53011
488	Breitling	B55047
489	Breitling	B57045
490	Breitling	B67050
491	Breitling	B71340
492	Breitling	B71356
493	Breitling	B72345
494	Breitling	C13356
495	Breitling	C17391
496	Breitling	C23340
497	Breitling	C49350
498	Breitling	CB0110
499	Breitling	CB0140
500	Breitling	D12022
501	Breitling	D13022
502	Breitling	D13047
503	Breitling	D13050
504	Breitling	D13355
505	Breitling	D23322
506	Breitling	D30022
507	Breitling	D33030
508	Breitling	D52063
509	Breitling	D52065
510	Breitling	D67365
511	Breitling	E13360
512	Breitling	E17370
513	Breitling	E27365
514	Breitling	E56121.1
515	Breitling	E56321
516	Breitling	E65062
517	Breitling	E65362
518	Breitling	E73360
519	Breitling	E75362
520	Breitling	E76321
521	Breitling	E79362
522	Breitling	E79363
523	Breitling	E7936310
524	Breitling	EB0432
525	Breitling	F56062
526	Breitling	F65062
527	Breitling	F65362
528	Breitling	F75362
529	Breitling	H24322
530	Breitling	H30030.1
531	Breitling	HB0110
532	Breitling	IB0110
533	Breitling	K13048
534	Breitling	K13050.1
535	Breitling	K13055
536	Breitling	K13356
537	Breitling	K23322
538	Breitling	K25362
539	Breitling	K44362
540	Breitling	K52043
541	Breitling	K62022
542	Breitling	M13370
543	Breitling	M1337010/B930
544	Breitling	M13380
545	Breitling	M27363A3/B823
546	Breitling	M41390
547	Breitling	M44359
548	Breitling	M47362
549	Breitling	M73390
550	Breitling	P19362
551	Breitling	P26362
552	Breitling	R28362
553	Breitling	RB0152
554	Breitling	RB015212/G738
555	Breitling	V17310
556	Breitling	V1731110.BD74.109W.M20BASA.1
557	Breitling	V1731110/BD74
558	Breitling	X74320
559	Breitling	Y2431012
560	Bvlgari	AA39S
561	Bvlgari	AA44S
562	Bvlgari	AA48S
563	Bvlgari	AAP48GCH
564	Bvlgari	AC38TA
565	Bvlgari	AL32A
566	Bvlgari	AL32G
567	Bvlgari	AL32TA
568	Bvlgari	AL38A
569	Bvlgari	AL38TA
570	Bvlgari	BB191TS
571	Bvlgari	BB232T
572	Bvlgari	BB23SS
573	Bvlgari	BB26GL
574	Bvlgari	BB26SLD
575	Bvlgari	BB26SS
576	Bvlgari	BB30GL
577	Bvlgari	BB33GL
578	Bvlgari	BB33SL
579	Bvlgari	BB38CLCH
580	Bvlgari	BB38GLCH
581	Bvlgari	BB40CL
582	Bvlgari	BBP42GLCH
583	Bvlgari	BJ01
584	Bvlgari	BRE56BSLDCHS
585	Bvlgari	BZ22S
586	Bvlgari	BZ35S
587	Bvlgari	CH35G
588	Bvlgari	CH35S
589	Bvlgari	CH35SG
590	Bvlgari	CH40GL
591	Bvlgari	CH40STA
592	Bvlgari	DG40SV
593	Bvlgari	DG42SVCH
594	Bvlgari	EG35S
595	Bvlgari	GMT40S
596	Bvlgari	LCV35S
597	Bvlgari	RT39S
598	Bvlgari	RT45G
599	Bvlgari	RT45S
600	Bvlgari	RTC49S
601	Bvlgari	SB42SDR
602	Bvlgari	SC38G
603	Bvlgari	SCB38S
604	Bvlgari	SD38S
605	Bvlgari	SD38SGMT
606	Bvlgari	SD42S
607	Bvlgari	SP35S
608	Bvlgari	ST29S
609	Bvlgari	ST35S
610	Chanel	H0451
611	Chanel	H0682
612	Chanel	H0685
613	Chanel	H0940
614	Chanel	H0949
615	Chanel	H0967
616	Chanel	H0968
617	Chanel	H0969
618	Chanel	H0970
619	Chanel	H1007
620	Chanel	H1008
621	Chanel	H1009
622	Chanel	H1625
623	Chanel	H1628
624	Chanel	H1629
625	Chanel	H1757
626	Chanel	H2419
627	Chanel	H2558
628	Chanel	H2570
629	Chanel	H2978
630	Chanel	H2979
631	Chanel	H3101
632	Chanel	H3110
633	Chanel	H3131
634	Chopard	12/7405
635	Chopard	158992-3002
636	Chopard	16/1223
637	Chopard	16/8331
638	Chopard	16/8459
639	Chopard	16/8997
640	Chopard	168459-3001
641	Chopard	168459-3009
642	Chopard	168489-3001
643	Chopard	168523-3001
644	Chopard	168565-3002
645	Chopard	168571-3001
646	Chopard	168997-3001
647	Chopard	27/8236-23
648	Chopard	27/8325-23
649	Chopard	278475-3001
650	Chopard	278475-3016
651	Chopard	28/8347/8-403
652	Chopard	28/8447
653	Chopard	28/8507
654	Chopard	288499-3001
655	Chopard	32/8116
656	Chopard	41/8380
657	Chopard	8024
658	Chopard	8112
659	Chopard	8200
660	Chopard	8236
661	Chopard	8325
662	Chopard	8331
663	Chopard	8347
664	Chopard	8357
665	Chopard	8407
666	Chopard	8447
667	Chopard	8459
668	Chopard	8464
669	Chopard	8475
670	Chopard	8489
671	Chopard	8511
672	Chopard	8915
673	Chopard	8920
674	Chopard	8955
675	Chopard	8992
676	Chopard	8997
677	Frank Muller	1000 CC QZ
678	Frank Muller	1000 SC
679	Frank Muller	10000 CC
680	Frank Muller	10000 H CC
681	Frank Muller	10000 H SC
682	Frank Muller	10000 K CC
683	Frank Muller	10000 K SC
684	Frank Muller	10000 SC
685	Frank Muller	1000SC
686	Frank Muller	1100 DS R
687	Frank Muller	1150 SC DT
688	Frank Muller	1200 CH
689	Frank Muller	1200 MC L
690	Frank Muller	1200 S6 GG
691	Frank Muller	1752 QZ
692	Frank Muller	1752QZ
693	Frank Muller	2852
694	Frank Muller	2852 MB
695	Frank Muller	2852 SC
696	Frank Muller	5850
697	Frank Muller	5850 C CC
698	Frank Muller	5850 MB
699	Frank Muller	5850 MB HV
700	Frank Muller	5850 MC L
701	Frank Muller	5850 QP
702	Frank Muller	5850MB
703	Frank Muller	6002 M QZ
704	Frank Muller	6850
705	Frank Muller	6850 CC MC
706	Frank Muller	6850 MB
707	Frank Muller	6850 SC
708	Frank Muller	7000 CC
709	Frank Muller	7000 QP E
710	Frank Muller	7502 QZ
711	Frank Muller	7850 CC MB
712	Frank Muller	8001 CC
713	Frank Muller	8001 SC
714	Frank Muller	8005
715	Frank Muller	8005 CC
716	Frank Muller	8005 CC KING
717	Frank Muller	8005 SC
718	Frank Muller	8880 C
719	Frank Muller	8880 C DT
720	Frank Muller	8880 C DT NR
721	Frank Muller	8880 SC DT
722	Frank Muller	8880 SE H I
723	Frank Muller	902QZ
724	Frank Muller	9080 CC AT
725	Frank Muller	952 QZ
726	Frank Muller	952 QZ D
727	Frank Muller	V45SCDT
728	Girard-Perregaux	2580
729	Girard-Perregaux	25840
730	Girard-Perregaux	25850
731	Girard-Perregaux	2591
732	Girard-Perregaux	2594
733	Girard-Perregaux	2595
734	Girard-Perregaux	2596
735	Girard-Perregaux	2599
736	Girard-Perregaux	2710
737	Girard-Perregaux	2750
738	Girard-Perregaux	4900
739	Girard-Perregaux	4910
740	Girard-Perregaux	4930
741	Girard-Perregaux	4940
742	Girard-Perregaux	49480
743	Girard-Perregaux	4956
744	Girard-Perregaux	4980
745	Girard-Perregaux	49800
746	Girard-Perregaux	49805
747	Girard-Perregaux	49805-53-151-BA6A
748	Girard-Perregaux	4990
749	Girard-Perregaux	49930
750	Girard-Perregaux	49931
751	Girard-Perregaux	49940
752	Girard-Perregaux	49941
753	Girard-Perregaux	7000 GBM
754	Girard-Perregaux	8017
755	Girard-Perregaux	80180
756	Girard-Perregaux	80180-52-212-BBEA
757	Girard-Perregaux	8020
758	Girard-Perregaux	8030
759	Girard-Perregaux	8039
760	Girard-Perregaux	8090
761	Girard-Perregaux	9020
762	Hermes	AR4.810
763	Hermes	AR4.910
764	Hermes	CC1.210
765	Hermes	CC2.710
766	Hermes	CL4.210
767	Hermes	CL4.220
768	Hermes	CT1.210
769	Hermes	CT1.710
770	Hermes	HH1.201
771	Hermes	HH1.210
772	Hermes	HH1.810
773	Hermes	KE1.210
774	Hermes	KT1.210
775	Hublot	1391.1
776	Hublot	1391.2
777	Hublot	1391.3
778	Hublot	1393.1
779	Hublot	1393.2
780	Hublot	1401.2
781	Hublot	1512.3
782	Hublot	1521.1
783	Hublot	1521.2
784	Hublot	1521.3
785	Hublot	1621.2
786	Hublot	1810.1
787	Hublot	1810.2
788	Hublot	1810.3
789	Hublot	1840.1
790	Hublot	1910.1
791	Hublot	1920.1
792	Hublot	301
793	Hublot	301.AI.460.RX
794	Hublot	301.CC.3190.RC
795	Hublot	301.CI.1130.GR.ABR10
796	Hublot	301.CI.1170.RX
797	Hublot	301.CI.1770.RX
798	Hublot	301.CI.8610.NR
799	Hublot	301.CK.1140.RX
800	Hublot	301.CM.131.RX.LUN06
801	Hublot	301.CX.130.RX
802	Hublot	301.PB.131.PB
803	Hublot	301.PB.131.RX
804	Hublot	301.PM.1780.RX
805	Hublot	301.PT.401.RX
806	Hublot	301.PX.1180.RX
807	Hublot	301.PX.130.RX
808	Hublot	301.QX.1724.RX
809	Hublot	301.SB.131.RX
810	Hublot	301.SM.1770.RX
811	Hublot	301.SX.1170.RX
812	Hublot	301.SX.130.RX
813	Hublot	301CI1170RX
814	Hublot	301PM1780RX
815	Hublot	301PX1180RX
816	Hublot	301SX1170RX
817	Hublot	311.CI.1130.GR.JLI11
818	Hublot	311.CI.1170.GR
819	Hublot	311.PX.1180.GR
820	Hublot	311.QX.1124.RX
821	Hublot	311.SM.1170.GR
822	Hublot	312.CM.1120.RX
823	Hublot	312.PM.1128.RX
824	Hublot	318.CM.1190.RX.MAN08
825	Hublot	322.CK.1140.RX
826	Hublot	322.CM.1110.RX
827	Hublot	322.CM.1770.RX
828	Hublot	341
829	Hublot	341.CX.130.RX
830	Hublot	341.CY.1110.LR.1911
831	Hublot	341.PB.131.RX
832	Hublot	341.PE.230.RW.114
833	Hublot	341.PV.2010.LR.1905
834	Hublot	342.CH.230.RW
835	Hublot	342.SE.230.RW
836	Hublot	361.PE.2010.RW.1104
837	Hublot	400.NX.1100.RX
838	Hublot	401.CX.0123.VR
839	Hublot	401.FX.1123.VR
840	Hublot	401.NX.0123.VR
841	Hublot	401.QX.0123.VR
842	Hublot	402.NX.0123.WR
843	Hublot	411.HX.1170.RX
844	Hublot	411.NM.1170.RX
845	Hublot	411.NX.1170.RX
846	Hublot	411.YT.1110.NR.ITI15
847	Hublot	501.PM.1680.RX
848	Hublot	511.CM.1770.RX
849	Hublot	511.NO.1180.RX
850	Hublot	511.NX.1170.RX
851	Hublot	511.NX.1171.LR
852	Hublot	515.NX.2210.LR
853	Hublot	515.OX.0180.LR
854	Hublot	517.CX.0170.LR
855	Hublot	521.CM.1770.RX
856	Hublot	521.CM.1771.RX
857	Hublot	521.NX.1171.LR
858	Hublot	525.CM.0170.RX
859	Hublot	525.CM.0179.VR.PEL14
860	Hublot	525.NX.0170.LR
861	Hublot	542.NX.1171.RX
862	Hublot	601.NX.0173.LR
863	Hublot	701.CI.0170.RX
864	Hublot	701.CO.0180.RX
865	Hublot	701.NQ.0137.GR.SPO14
866	Hublot	701.NX.0170.RX
867	Hublot	701.OQ.0180.RX
868	Hublot	701.QX.0140.RX
869	Hublot	703.CI.1123.VR.DWD11
870	Hublot	703.CI.1129.NR.USB12
871	Hublot	709.CI.1190.GR.ABB10
872	Hublot	709.CI.1770.RX
873	Hublot	709.OM.1780.RX
874	Hublot	709.ZM.1770.RX
875	Hublot	710.CI.0110.RX.AGI10
876	Hublot	710.CI.0123.NR.MZA10
877	Hublot	715.CI.1123.RX
878	Hublot	716.NM.1129.RX.EUR12
879	Hublot	716.OM.1129.RX.MAN11
880	Hublot	719.QM.1729.NR.AES10
881	Hublot	731.NX.1190.RX
882	Hublot	731.QX.1140.RX
883	Hublot	732.NX.1127.RX
884	Hublot	771.CI.1170.RX
885	Montblanc	110715
886	Montblanc	4810
887	Montblanc	7016
888	Montblanc	7017
889	Montblanc	7018
890	Montblanc	7034
891	Montblanc	7035
892	Montblanc	7039
893	Montblanc	7045
894	Montblanc	7048
895	Montblanc	7049
896	Montblanc	7050
897	Montblanc	7060
898	Montblanc	7061
899	Montblanc	7067
900	Montblanc	7069
901	Montblanc	7070
902	Montblanc	7102
903	Montblanc	7138
904	Montblanc	7141
905	Omega	105.003-65
906	Omega	105.012-66
907	Omega	1212.10.00
908	Omega	1212.30.00
909	Omega	123.10.35.60.02.001
910	Omega	1267.75.00
911	Omega	130.33.39.21.03.001
912	Omega	131.019
913	Omega	135.011
914	Omega	135.041
915	Omega	136.0102
916	Omega	14381
917	Omega	14393
918	Omega	145.0022
919	Omega	145.007
920	Omega	145.008
921	Omega	145.009
922	Omega	145.010
923	Omega	145.012
924	Omega	145.014
925	Omega	145.016
926	Omega	145.022
927	Omega	145.022 - 69 ST
928	Omega	145.022-69 ST
929	Omega	145.026
930	Omega	145.029
931	Omega	145.036
932	Omega	145022
933	Omega	146.009
934	Omega	146.011-69
935	Omega	1465.71.00
936	Omega	1514.51.00
937	Omega	1528.76.00
938	Omega	165.002
939	Omega	165.024
940	Omega	166.002
941	Omega	166.003
942	Omega	166.010
943	Omega	166.024
944	Omega	166.039
945	Omega	166.041
946	Omega	166.067
947	Omega	166.068
948	Omega	166.072
949	Omega	166.073
950	Omega	166.077
951	Omega	168.004
952	Omega	168.005
953	Omega	168.009
954	Omega	168.010
955	Omega	168.029
956	Omega	168.1622
957	Omega	175.00.33
958	Omega	175.0032
959	Omega	175.0032.1
960	Omega	175.0034
961	Omega	175.0084
962	Omega	1750043
963	Omega	1750084
964	Omega	176.0012
965	Omega	176.002
966	Omega	176.005
967	Omega	176.007
968	Omega	176.009
969	Omega	176005
970	Omega	188.0002
971	Omega	198.001
972	Omega	198.002
973	Omega	210.30.42.20.03.001
974	Omega	210.32.42.20.06.001
975	Omega	212.30.36.20.01.002
976	Omega	212.30.41.20.01.001
977	Omega	212.30.41.20.01.002
978	Omega	212.30.41.20.01.003
979	Omega	212.30.41.20.03.001
980	Omega	212.30.41.61.01.001
981	Omega	212.30.42.50.03.001
982	Omega	212.30.44.50.01.001
983	Omega	212.30.44.50.03.001
984	Omega	212.32.41.20.04.001
985	Omega	212.32.44.50.01.001
986	Omega	213.30.42.40.01.001
987	Omega	215.30.44.21.01.001
988	Omega	215.30.44.21.03.001
989	Omega	215.32.46.51.01.001
990	Omega	220.10.38.20.01.002
991	Omega	220.10.41.21.03.002
992	Omega	2200.50.00
993	Omega	2200.51.00
994	Omega	2201.50.00
995	Omega	2208.50.00
996	Omega	2209.50.00
997	Omega	2210.50.00
998	Omega	2218.50.00
999	Omega	2221.80.00
1000	Omega	2225.80.00
1001	Omega	22345000
1002	Omega	2252.50.00
1003	Omega	2254.50.00
1004	Omega	22545000
1005	Omega	2255.80.00
1006	Omega	2262.50.00
1007	Omega	2264.50
1008	Omega	2264.50.00
1009	Omega	2265.80.00
1010	Omega	2285.80.00
1011	Omega	2296.80.00
1012	Omega	2298.80.00
1013	Omega	2304.30.00
1014	Omega	231.10.34.20.01.001
1015	Omega	231.10.39.21.01.002
1016	Omega	231.10.39.21.02.001
1017	Omega	231.10.39.21.03.002
1018	Omega	231.10.39.21.06.001
1019	Omega	231.10.39.21.54.001
1020	Omega	231.10.39.60.06.001
1021	Omega	231.10.39.61.02.001
1022	Omega	231.10.39.61.06.001
1023	Omega	231.10.42.21.01.002
1024	Omega	231.10.42.21.02.001
1025	Omega	231.10.42.21.02.003
1026	Omega	231.10.42.21.03.004
1027	Omega	231.10.42.21.06.001
1028	Omega	231.10.43.52.06.001
1029	Omega	231.10.44.50.06.001
1030	Omega	231.10.44.52.04.001
1031	Omega	231.13.42.21.03.001
1032	Omega	232.30.42.21.01.001
1033	Omega	232.30.42.21.04.001
1034	Omega	232.30.44.22.01.001
1035	Omega	232.30.44.22.03.001
1036	Omega	232.30.46.21.01.001
1037	Omega	232.30.46.21.01.002
1038	Omega	232.30.46.21.01.003
1039	Omega	232.30.46.51.01.001
1040	Omega	232.30.46.51.01.002
1041	Omega	232.30.46.51.01.003
1042	Omega	232.32.42.21.01.003
1043	Omega	232.32.42.21.01.005
1044	Omega	232.90.46.21.03.001
1045	Omega	232.90.46.51.03.001
1046	Omega	233.30.41.21.01.001
1047	Omega	233.32.41.21.01.001
1048	Omega	233.90.41.21.03.001
1049	Omega	234.10.39.20.01.001
1050	Omega	2471/1
1051	Omega	2502.52
1052	Omega	2503.50.00
1053	Omega	2503.52
1054	Omega	2504.30
1055	Omega	2505
1056	Omega	2517.30.00
1057	Omega	2518.50
1058	Omega	2531.80
1059	Omega	2531.80.00
1060	Omega	25318000
1061	Omega	2532.80.00
1062	Omega	2533.50.00
1063	Omega	2534.50
1064	Omega	2535.80.00
1065	Omega	2537.80.00
1066	Omega	2541.80
1067	Omega	2541.80.00
1068	Omega	25418000
1069	Omega	2542.80.00
1070	Omega	2551.80.00
1071	Omega	2552.80.00
1072	Omega	2561.80.00
1073	Omega	2576
1074	Omega	2594.52.00
1075	Omega	2598.20.00
1076	Omega	2598.80
1077	Omega	2598.80.00
1078	Omega	25988000
1079	Omega	2599.80.00
1080	Omega	2620
1081	Omega	2849
1082	Omega	2850 SC
1083	Omega	2990
1084	Omega	2990-1
1085	Omega	2998-61
1086	Omega	304.30.44.52.01.001
1087	Omega	311.10.39.30.01.001
1088	Omega	311.12.42.30.01.001
1089	Omega	311.30.42.30.01.002
1090	Omega	311.30.42.30.01.004
1091	Omega	311.30.42.30.01.005
1092	Omega	311.30.42.30.01.006
1093	Omega	311.30.42.30.03.001
1094	Omega	311.30.42.30.99.002
1095	Omega	311.30.44.51.01.002
1096	Omega	311.32.40.30.01.001
1097	Omega	311.32.42.30.01.001
1098	Omega	311.32.42.30.04.001
1099	Omega	311.33.40.30.02.001
1100	Omega	311.33.42.30.01.001
1101	Omega	311.33.42.50.01.001
1102	Omega	311.62.42.30.06.001
1103	Omega	311.90.44.51.03.001
1104	Omega	311.92.44.51.01.003
1105	Omega	311.92.44.51.01.006
1106	Omega	311.93.44.51.99.001
1107	Omega	321.10.42.50.01.001
1108	Omega	3210.50.00
1109	Omega	3210.51
1110	Omega	3211.31.00
1111	Omega	3212.80.00
1112	Omega	323.30.40.40.04.001
1113	Omega	323.30.40.40.06.001
1114	Omega	324.30.38.40.06.001
1115	Omega	326.30.40.50.01.001
1116	Omega	326.30.40.50.02.001
1117	Omega	326.30.40.50.03.001
1118	Omega	326.30.40.50.06.001
1119	Omega	327.10.43.50.01.001
1120	Omega	327.10.43.50.06.001
1121	Omega	331.10.42.51.01.002
1122	Omega	331.10.42.51.03.001
1123	Omega	3366.51.00
1124	Omega	345.0022
1125	Omega	3506.31.00
1126	Omega	3507.51.00
1127	Omega	3510.50
1128	Omega	3510.50.00
1129	Omega	3511.50.00
1130	Omega	3513.30.00
1131	Omega	3513.33.00
1132	Omega	3513.50
1133	Omega	3513.50.00
1134	Omega	35135000
1135	Omega	3519.50.00
1136	Omega	3520.50
1137	Omega	3520.50.00
1138	Omega	3520.53.00
1139	Omega	3523.30.00
1140	Omega	3523.80.00
1141	Omega	3529.50.00
1142	Omega	3551.20.00
1143	Omega	3551.50.00
1144	Omega	3552.59.00
1145	Omega	35658000
1146	Omega	35693100
1147	Omega	3570.50
1148	Omega	3570.50.00
1149	Omega	3571.50
1150	Omega	3572.50.00
1151	Omega	3573.50.00
1152	Omega	3576.50.00
1153	Omega	3590.50
1154	Omega	3594.50
1155	Omega	3594.50.00
1156	Omega	35945000
1157	Omega	3623.33.01
1158	Omega	3623.33.21
1159	Omega	368.1075
1160	Omega	368.1201
1161	Omega	378.0801
1162	Omega	396.1022
1163	Omega	396.1070
1164	Omega	396.1202
1165	Omega	422.13.41.50.04.002
1166	Omega	424.13.40.20.02.001
1167	Omega	431.33.41.21.02.001
1168	Omega	431.63.41.21.13.001
1169	Omega	4614.30.02
1170	Omega	4678.31.02
1171	Omega	4832.50.31
1172	Omega	516.53.39.50.02.001
1173	Omega	522.30.42.30.03.001
1174	Omega	522.30.46.21.01.001
1175	Omega	57005007
1176	Omega	58004000
1177	Omega	CK2914
1178	Omega	ST145.022
1179	Patek Philippe	1450
1180	Patek Philippe	1463
1181	Patek Philippe	1491
1182	Patek Philippe	1578
1183	Patek Philippe	1593
1184	Patek Philippe	2508
1185	Patek Philippe	2509
1186	Patek Philippe	2526
1187	Patek Philippe	2551
1188	Patek Philippe	3411
1189	Patek Philippe	3420
1190	Patek Philippe	3425
1191	Patek Philippe	3430
1192	Patek Philippe	3435
1193	Patek Philippe	3445
1194	Patek Philippe	3468
1195	Patek Philippe	3494
1196	Patek Philippe	3512
1197	Patek Philippe	3514
1198	Patek Philippe	3520
1199	Patek Philippe	3545
1200	Patek Philippe	3546
1201	Patek Philippe	3548
1202	Patek Philippe	3548/1
1203	Patek Philippe	3558
1204	Patek Philippe	3563
1205	Patek Philippe	3565/1
1206	Patek Philippe	3569
1207	Patek Philippe	3586
1208	Patek Philippe	3588
1209	Patek Philippe	3589
1210	Patek Philippe	3634
1211	Patek Philippe	3648
1212	Patek Philippe	3700
1213	Patek Philippe	3700/1
1214	Patek Philippe	3710/1A-001
1215	Patek Philippe	3712/1A-001
1216	Patek Philippe	3738
1217	Patek Philippe	3744
1218	Patek Philippe	3748
1219	Patek Philippe	3788
1220	Patek Philippe	3796
1221	Patek Philippe	3796D
1222	Patek Philippe	3800/001
1223	Patek Philippe	3800/005
1224	Patek Philippe	3800/1
1225	Patek Philippe	3800/1A-001
1226	Patek Philippe	3800/3
1227	Patek Philippe	3802
1228	Patek Philippe	3802/200
1229	Patek Philippe	3838
1230	Patek Philippe	3846
1231	Patek Philippe	3848
1232	Patek Philippe	3919
1233	Patek Philippe	3919J
1234	Patek Philippe	3919J-001
1235	Patek Philippe	3919R
1236	Patek Philippe	3940
1237	Patek Philippe	3940J
1238	Patek Philippe	3940P
1239	Patek Philippe	3960J
1240	Patek Philippe	3970E
1241	Patek Philippe	3970EP
1242	Patek Philippe	3970ER
1243	Patek Philippe	3992
1244	Patek Philippe	4226
1245	Patek Philippe	425
1246	Patek Philippe	4700
1247	Patek Philippe	4764
1248	Patek Philippe	4819
1249	Patek Philippe	4820
1250	Patek Philippe	4824
1251	Patek Philippe	4830J
1252	Patek Philippe	4897R-001
1253	Patek Philippe	4910/10A
1254	Patek Philippe	4910/10A-001
1255	Patek Philippe	4910/10A-010
1256	Patek Philippe	4910/10A-011
1257	Patek Philippe	4910/10A-012
1258	Patek Philippe	4910/11R-010
1259	Patek Philippe	4936J-001
1260	Patek Philippe	4981G
1261	Patek Philippe	5000
1262	Patek Philippe	5000J
1263	Patek Philippe	5009
1264	Patek Philippe	5015J
1265	Patek Philippe	5022
1266	Patek Philippe	5024
1267	Patek Philippe	5024G
1268	Patek Philippe	5026R
1269	Patek Philippe	5032
1270	Patek Philippe	5035
1271	Patek Philippe	5035G
1272	Patek Philippe	5035J
1273	Patek Philippe	5035J-001
1274	Patek Philippe	5036/1G
1275	Patek Philippe	5036/1J
1276	Patek Philippe	5040J
1277	Patek Philippe	5040P
1278	Patek Philippe	5050J
1279	Patek Philippe	5053J-001
1280	Patek Philippe	5054G
1281	Patek Philippe	5055G
1282	Patek Philippe	5059J-001
1283	Patek Philippe	5059P-001
1284	Patek Philippe	5065A
1285	Patek Philippe	5070G
1286	Patek Philippe	5070G-001
1287	Patek Philippe	5070J
1288	Patek Philippe	5070J-001
1289	Patek Philippe	5070R-001
1290	Patek Philippe	5098P
1291	Patek Philippe	5098P-001
1292	Patek Philippe	5098R-001
1293	Patek Philippe	5100G-001
1294	Patek Philippe	5100J
1295	Patek Philippe	5100J-001
1296	Patek Philippe	5100R
1297	Patek Philippe	5101P-010
1298	Patek Philippe	5102J
1299	Patek Philippe	5107J
1300	Patek Philippe	5107J-001
1301	Patek Philippe	5109G
1302	Patek Philippe	5110G
1303	Patek Philippe	5110G-001
1304	Patek Philippe	5110J
1305	Patek Philippe	5110J-001
1306	Patek Philippe	5110R-001
1307	Patek Philippe	5111PR
1308	Patek Philippe	5115J
1309	Patek Philippe	5117G-001
1310	Patek Philippe	5119R-001
1311	Patek Philippe	5120G-001
1312	Patek Philippe	5120J
1313	Patek Philippe	5120J-001
1314	Patek Philippe	5127G-001
1315	Patek Philippe	5127J
1316	Patek Philippe	5127J-001
1317	Patek Philippe	5130G
1318	Patek Philippe	5130G-001
1319	Patek Philippe	5130G-019
1320	Patek Philippe	5130P-001
1321	Patek Philippe	5130R
1322	Patek Philippe	5130R-001
1323	Patek Philippe	5131G
1324	Patek Philippe	5134J
1325	Patek Philippe	5135G-001
1326	Patek Philippe	5135G-010
1327	Patek Philippe	5135J-001
1328	Patek Philippe	5135P
1329	Patek Philippe	5135P-001
1330	Patek Philippe	5139G-010
1331	Patek Philippe	5140J
1332	Patek Philippe	5140R-001
1333	Patek Philippe	5146/1G-010
1334	Patek Philippe	5146G-001
1335	Patek Philippe	5146G-010
1336	Patek Philippe	5146J
1337	Patek Philippe	5146J-010
1338	Patek Philippe	5159G-001
1339	Patek Philippe	5164A-001
1340	Patek Philippe	5164R-001
1341	Patek Philippe	5165A-001
1342	Patek Philippe	5167/1A-001
1343	Patek Philippe	5167A-001
1344	Patek Philippe	5167R
1345	Patek Philippe	5167R-001
1346	Patek Philippe	5168G-001
1347	Patek Philippe	5170G-001
1348	Patek Philippe	5170G-010
1349	Patek Philippe	5170J-001
1350	Patek Philippe	5170P-001
1351	Patek Philippe	5196G-001
1352	Patek Philippe	5196J-001
1353	Patek Philippe	5196R
1354	Patek Philippe	5196R-001
1355	Patek Philippe	5200G-001
1356	Patek Philippe	5205G
1357	Patek Philippe	5205G-001
1358	Patek Philippe	5205G-010
1359	Patek Philippe	5205R-010
1360	Patek Philippe	5235G-001
1361	Patek Philippe	5270G-001
1362	Patek Philippe	5320G-001
1363	Patek Philippe	5396G
1364	Patek Philippe	5396G-011
1365	Patek Philippe	5396R-001
1366	Patek Philippe	5450P
1367	Patek Philippe	5496P-001
1368	Patek Philippe	5500J
1369	Patek Philippe	5524G-001
1370	Patek Philippe	5524R-001
1371	Patek Philippe	5575G-001
1372	Patek Philippe	570
1373	Patek Philippe	570G
1374	Patek Philippe	5711
1375	Patek Philippe	5711/1A
1376	Patek Philippe	5711/1A-001
1377	Patek Philippe	5711/1A-010
1378	Patek Philippe	5711/1A-011
1379	Patek Philippe	5711/1R-001
1380	Patek Philippe	5711G-001
1381	Patek Philippe	5712
1382	Patek Philippe	5712/1A
1383	Patek Philippe	5712/1A-001
1384	Patek Philippe	5712G-001
1385	Patek Philippe	5712GR-001
1386	Patek Philippe	5712R-001
1387	Patek Philippe	5713/1G-010
1388	Patek Philippe	5724R-001
1389	Patek Philippe	5726
1390	Patek Philippe	5726/1A
1391	Patek Philippe	5726/1A-001
1392	Patek Philippe	5726/1A-010
1393	Patek Philippe	5726A-001
1394	Patek Philippe	5905P-010
1395	Patek Philippe	5930G-001
1396	Patek Philippe	5960/1A-001
1397	Patek Philippe	5960P
1398	Patek Philippe	5960P-001
1399	Patek Philippe	5960P-015
1400	Patek Philippe	5960R
1401	Patek Philippe	5960R-001
1402	Patek Philippe	5960R-010
1403	Patek Philippe	5960R-011
1404	Patek Philippe	5960R-012
1405	Patek Philippe	5961P-001
1406	Patek Philippe	5970G-001
1407	Patek Philippe	5970J
1408	Patek Philippe	5970J-001
1409	Patek Philippe	5970P-001
1410	Patek Philippe	5970R
1411	Patek Philippe	5970R-001
1412	Patek Philippe	5975J-001
1413	Patek Philippe	5975R-001
1414	Patek Philippe	5980
1415	Patek Philippe	5980/1A
1416	Patek Philippe	5980/1A-001
1417	Patek Philippe	5980/1A-014
1418	Patek Philippe	5980/1A-019
1419	Patek Philippe	5980/1AR-001
1420	Patek Philippe	5980/1R-001
1421	Patek Philippe	5980R-001
1422	Patek Philippe	5990/1A-001
1423	Patek Philippe	6000G
1424	Patek Philippe	6000G-010
1425	Patek Philippe	6000R-001
1426	Patek Philippe	6006G-001
1427	Richard Mille	RM 011
1428	Richard Mille	RM 11-02
1429	Richard Mille	RM010
1430	Richard Mille	RM011
1431	Richard Mille	RM029
1432	Richard Mille	RM030
1433	Richard Mille	RM035
1434	Richard Mille	RM055
1435	Richard Mille	RM35-02
1436	Rolex	1002
1437	Rolex	1003
1438	Rolex	1005
1439	Rolex	1007
1440	Rolex	1008
1441	Rolex	1016
1442	Rolex	1018
1443	Rolex	1019
1444	Rolex	1024
1445	Rolex	1038
1446	Rolex	114060
1447	Rolex	114200
1448	Rolex	114210
1449	Rolex	114234
1450	Rolex	114270
1451	Rolex	114300
1452	Rolex	115200
1453	Rolex	115210
1454	Rolex	115234
1455	Rolex	116000
1456	Rolex	116034
1457	Rolex	116138
1458	Rolex	116139
1459	Rolex	116185
1460	Rolex	116189
1461	Rolex	116200
1462	Rolex	116201
1463	Rolex	116203
1464	Rolex	116208
1465	Rolex	116231
1466	Rolex	116233
1467	Rolex	116234
1468	Rolex	116234G
1469	Rolex	116238
1470	Rolex	116243
1471	Rolex	116244
1472	Rolex	116261
1473	Rolex	116263
1474	Rolex	116264
1475	Rolex	116300
1476	Rolex	116333
1477	Rolex	116334
1478	Rolex	116400
1479	Rolex	116400 GV
1480	Rolex	116400GV
1481	Rolex	116400V
1482	Rolex	116500
1483	Rolex	116500LN
1484	Rolex	116503
1485	Rolex	116505
1486	Rolex	116506
1487	Rolex	116508
1488	Rolex	116509
1489	Rolex	116515
1490	Rolex	116515LN
1491	Rolex	116518
1492	Rolex	116518LN
1493	Rolex	116519
1494	Rolex	116519G
1495	Rolex	116519LN
1496	Rolex	116520
1497	Rolex	116523
1498	Rolex	116528
1499	Rolex	116576TBR
1500	Rolex	116589
1501	Rolex	116600
1502	Rolex	116610
1503	Rolex	116610 LN
1504	Rolex	116610LN
1505	Rolex	116610LV
1506	Rolex	116613
1507	Rolex	116613 LB
1508	Rolex	116613LB
1509	Rolex	116613LN
1510	Rolex	116618
1511	Rolex	116618LB
1512	Rolex	116618LN
1513	Rolex	116619
1514	Rolex	116619LB
1515	Rolex	116621
1516	Rolex	116622
1517	Rolex	116655
1518	Rolex	116660
1519	Rolex	116680
1520	Rolex	116681
1521	Rolex	116688
1522	Rolex	116689
1523	Rolex	116710
1524	Rolex	116710 BLNR
1525	Rolex	116710 LN
1526	Rolex	116710BLNR
1527	Rolex	116710LN
1528	Rolex	116713
1529	Rolex	116713 LN
1530	Rolex	116713LN
1531	Rolex	116718
1532	Rolex	116718LN
1533	Rolex	116719
1534	Rolex	116719BLRO
1535	Rolex	116758SANR
1536	Rolex	116759SANR
1537	Rolex	116900
1538	Rolex	118135
1539	Rolex	118138
1540	Rolex	118139
1541	Rolex	118205
1542	Rolex	118206
1543	Rolex	118208
1544	Rolex	118209
1545	Rolex	118235
1546	Rolex	118238
1547	Rolex	118239
1548	Rolex	118348
1549	Rolex	118388
1550	Rolex	118389
1551	Rolex	118398
1552	Rolex	126200
1553	Rolex	126231
1554	Rolex	126233
1555	Rolex	126300
1556	Rolex	126301
1557	Rolex	126303
1558	Rolex	126331
1559	Rolex	126333
1560	Rolex	126334
1561	Rolex	126600
1562	Rolex	126603
1563	Rolex	126660
1564	Rolex	126710BLNR
1565	Rolex	126710BLRO
1566	Rolex	126711CHNR
1567	Rolex	126715CHNR
1568	Rolex	14000
1569	Rolex	14000M
1570	Rolex	14010
1571	Rolex	14010M
1572	Rolex	14060
1573	Rolex	14060M
1574	Rolex	14203
1575	Rolex	14233
1576	Rolex	14238
1577	Rolex	14270
1578	Rolex	1490
1579	Rolex	1500
1580	Rolex	15000
1581	Rolex	1501
1582	Rolex	15010
1583	Rolex	1503
1584	Rolex	15037
1585	Rolex	15038
1586	Rolex	1505
1587	Rolex	15053
1588	Rolex	15200
1589	Rolex	15203
1590	Rolex	15210
1591	Rolex	15223
1592	Rolex	15233
1593	Rolex	15238
1594	Rolex	1530
1595	Rolex	1550
1596	Rolex	15505
1597	Rolex	1600
1598	Rolex	16000
1599	Rolex	1601
1600	Rolex	16013
1601	Rolex	16014
1602	Rolex	16018
1603	Rolex	1602
1604	Rolex	1603
1605	Rolex	16030
1606	Rolex	1607
1607	Rolex	16078
1608	Rolex	16200
1609	Rolex	16203
1610	Rolex	16220
1611	Rolex	16233
1612	Rolex	16233G
1613	Rolex	16234
1614	Rolex	16238
1615	Rolex	1625
1616	Rolex	16253
1617	Rolex	16263
1618	Rolex	16264
1619	Rolex	1630
1620	Rolex	16518
1621	Rolex	16519
1622	Rolex	16520
1623	Rolex	16523
1624	Rolex	16528
1625	Rolex	1655
1626	Rolex	16550
1627	Rolex	16570
1628	Rolex	16600
1629	Rolex	16600T
1630	Rolex	16610
1631	Rolex	16610 LV
1632	Rolex	16610 T
1633	Rolex	16610LV
1634	Rolex	16610T
1635	Rolex	16613
1636	Rolex	16613LN
1637	Rolex	16613T
1638	Rolex	16618
1639	Rolex	16622
1640	Rolex	16623
1641	Rolex	16628
1642	Rolex	1665
1643	Rolex	16660
1644	Rolex	16700
1645	Rolex	16710
1646	Rolex	16710BLRO
1647	Rolex	16710T
1648	Rolex	16713
1649	Rolex	16718
1650	Rolex	1675
1651	Rolex	1675/3
1652	Rolex	16750
1653	Rolex	16753
1654	Rolex	16758
1655	Rolex	16760
1656	Rolex	1680
1657	Rolex	16800
1658	Rolex	168000
1659	Rolex	16803
1660	Rolex	16808
1661	Rolex	168622
1662	Rolex	168623
1663	Rolex	168628
1664	Rolex	169622
1665	Rolex	169623
1666	Rolex	169628
1667	Rolex	17000
1668	Rolex	17013
1669	Rolex	17014
1670	Rolex	176200
1671	Rolex	176234
1672	Rolex	177200
1673	Rolex	177210
1674	Rolex	177234
1675	Rolex	178240
1676	Rolex	178241
1677	Rolex	178243
1678	Rolex	178271
1679	Rolex	178273
1680	Rolex	178274
1681	Rolex	178275
1682	Rolex	178278
1683	Rolex	178279
1684	Rolex	178313
1685	Rolex	178341
1686	Rolex	178343
1687	Rolex	178344
1688	Rolex	178383
1689	Rolex	178384
1690	Rolex	179136
1691	Rolex	179138
1692	Rolex	179158
1693	Rolex	179159
1694	Rolex	179160
1695	Rolex	179161
1696	Rolex	179163
1697	Rolex	179165
1698	Rolex	179166
1699	Rolex	179168
1700	Rolex	179171
1701	Rolex	179173
1702	Rolex	179174
1703	Rolex	179174G
1704	Rolex	179175
1705	Rolex	179178
1706	Rolex	179179
1707	Rolex	179313
1708	Rolex	179383
1709	Rolex	179384
1710	Rolex	1802
1711	Rolex	18028
1712	Rolex	1803
1713	Rolex	18038
1714	Rolex	18039
1715	Rolex	18039B
1716	Rolex	1804
1717	Rolex	18048
1718	Rolex	1807
1719	Rolex	18078
1720	Rolex	18108
1721	Rolex	18138
1722	Rolex	18206
1723	Rolex	18238
1724	Rolex	18239
1725	Rolex	18248
1726	Rolex	18308
1727	Rolex	18338
1728	Rolex	18346
1729	Rolex	18348
1730	Rolex	18388
1731	Rolex	18946
1732	Rolex	18948
1733	Rolex	18956
1734	Rolex	19018
1735	Rolex	19019
1736	Rolex	214270
1737	Rolex	216570
1738	Rolex	216570-0001
1739	Rolex	218206
1740	Rolex	218235
1741	Rolex	218238
1742	Rolex	218239
1743	Rolex	218348
1744	Rolex	218349
1745	Rolex	228206
1746	Rolex	228235
1747	Rolex	228238
1748	Rolex	228239
1749	Rolex	228349RBR
1750	Rolex	268622
1751	Rolex	268655
1752	Rolex	279160
1753	Rolex	279171
1754	Rolex	279173
1755	Rolex	279174
1756	Rolex	279381RBR
1757	Rolex	2940
1758	Rolex	3065
1759	Rolex	3131
1760	Rolex	3133
1761	Rolex	326135
1762	Rolex	326138
1763	Rolex	326139
1764	Rolex	326933
1765	Rolex	326934
1766	Rolex	326935
1767	Rolex	326938
1768	Rolex	326939
1769	Rolex	3372
1770	Rolex	3937
1771	Rolex	4062
1772	Rolex	4082
1773	Rolex	4084
1774	Rolex	4109
1775	Rolex	4112
1776	Rolex	4220
1777	Rolex	4233
1778	Rolex	4350
1779	Rolex	4364
1780	Rolex	4444
1781	Rolex	4500
1782	Rolex	50505
1783	Rolex	50509
1784	Rolex	50515
1785	Rolex	50519
1786	Rolex	50525
1787	Rolex	50529
1788	Rolex	5100
1789	Rolex	5112
1790	Rolex	5115
1791	Rolex	5116
1792	Rolex	5240
1793	Rolex	5240/6
1794	Rolex	5241/6
1795	Rolex	5320/5
1796	Rolex	5330
1797	Rolex	5330/5
1798	Rolex	5330/9
1799	Rolex	5441/9
1800	Rolex	5442/5
1801	Rolex	5443/9
1802	Rolex	5500
1803	Rolex	5501
1804	Rolex	5504
1805	Rolex	5508
1806	Rolex	5512
1807	Rolex	5513
1808	Rolex	5514
1809	Rolex	5520
1810	Rolex	5700
1811	Rolex	5701
1812	Rolex	6022
1813	Rolex	6034
1814	Rolex	6062
1815	Rolex	6075
1816	Rolex	6082
1817	Rolex	6084
1818	Rolex	6085
1819	Rolex	6090
1820	Rolex	6098
1821	Rolex	6105
1822	Rolex	6107
1823	Rolex	6144
1824	Rolex	6202
1825	Rolex	6229
1826	Rolex	6234
1827	Rolex	6238
1828	Rolex	6239
1829	Rolex	6240
1830	Rolex	6241
1831	Rolex	6244
1832	Rolex	6262
1833	Rolex	6263
1834	Rolex	6264
1835	Rolex	6265
1836	Rolex	6265/8
1837	Rolex	6282
1838	Rolex	6284
1839	Rolex	6285
1840	Rolex	6298
1841	Rolex	6305
1842	Rolex	6422
1843	Rolex	6424
1844	Rolex	6426
1845	Rolex	6427
1846	Rolex	6430
1847	Rolex	6444
1848	Rolex	6466
1849	Rolex	6480
1850	Rolex	6494
1851	Rolex	6504
1852	Rolex	6509
1853	Rolex	6516
1854	Rolex	6517
1855	Rolex	6518
1856	Rolex	6519
1857	Rolex	6534
1858	Rolex	6536
1859	Rolex	6536/1
1860	Rolex	6538
1861	Rolex	6542
1862	Rolex	6548
1863	Rolex	6551
1864	Rolex	6564
1865	Rolex	6565
1866	Rolex	6567
1867	Rolex	6569
1868	Rolex	6593
1869	Rolex	6605
1870	Rolex	6609
1871	Rolex	6610
1872	Rolex	6611
1873	Rolex	6611B
1874	Rolex	6618
1875	Rolex	6619
1876	Rolex	6621
1877	Rolex	6621/8
1878	Rolex	6622
1879	Rolex	6623
1880	Rolex	6623/8
1881	Rolex	6627
1882	Rolex	6631
1883	Rolex	6631/8
1884	Rolex	6633
1885	Rolex	6634
1886	Rolex	6694
1887	Rolex	6718
1888	Rolex	67180
1889	Rolex	67188
1890	Rolex	6719
1891	Rolex	67193
1892	Rolex	67194
1893	Rolex	67198
1894	Rolex	6723
1895	Rolex	67230
1896	Rolex	6724
1897	Rolex	6748
1898	Rolex	67480
1899	Rolex	6751
1900	Rolex	67513
1901	Rolex	67514
1902	Rolex	67518
1903	Rolex	6824
1904	Rolex	68240
1905	Rolex	6827
1906	Rolex	68273
1907	Rolex	68274
1908	Rolex	68278
1909	Rolex	68279
1910	Rolex	68623
1911	Rolex	68628
1912	Rolex	69068
1913	Rolex	69088
1914	Rolex	69138
1915	Rolex	69139
1916	Rolex	69158
1917	Rolex	6916
1918	Rolex	69160
1919	Rolex	69163
1920	Rolex	69168
1921	Rolex	6917
1922	Rolex	69173
1923	Rolex	69173G
1924	Rolex	69174
1925	Rolex	69178
1926	Rolex	69178G
1927	Rolex	69179
1928	Rolex	69179B
1929	Rolex	6919
1930	Rolex	69190
1931	Rolex	69238
1932	Rolex	69240
1933	Rolex	69258
1934	Rolex	6927
1935	Rolex	69278
1936	Rolex	69288
1937	Rolex	69298
1938	Rolex	69299
1939	Rolex	69318
1940	Rolex	69328
1941	Rolex	69329
1942	Rolex	69623
1943	Rolex	69628
1944	Rolex	76030
1945	Rolex	76080
1946	Rolex	76094
1947	Rolex	76183
1948	Rolex	76193
1949	Rolex	77014
1950	Rolex	77080
1951	Rolex	78240
1952	Rolex	78243
1953	Rolex	78273
1954	Rolex	78274
1955	Rolex	78278
1956	Rolex	79138
1957	Rolex	79160
1958	Rolex	79163
1959	Rolex	79173
1960	Rolex	79173G
1961	Rolex	79174
1962	Rolex	79174NR
1963	Rolex	79178
1964	Rolex	79179
1965	Rolex	79190
1966	Rolex	79240
1967	Rolex	80298
1968	Rolex	80299
1969	Rolex	80318
1970	Rolex	80319
1971	Rolex	80339
1972	Rolex	81209
1973	Rolex	81318
1974	Rolex	81319
1975	Rolex	81339
1976	Rolex	86348SABLV
1977	Rolex	8952
1978	Rolex	9630
1979	Rolex	9659
1980	Rolex	971
1981	Seiko	6138-0011
1982	Seiko	6138-0040
1983	Seiko	6139-6002
1984	Seiko	6139-7100
1985	Tag Heuer	CAF101E
1986	Tag Heuer	CAF2010
1987	Tag Heuer	CAF2011.BA0815
1988	Tag Heuer	CAF2110
1989	Tag Heuer	CAF2110.BA0809
1990	Tag Heuer	CAF2112
1991	Tag Heuer	CAF7111
1992	Tag Heuer	CAG2110
1993	Tag Heuer	CAG7010
1994	Tag Heuer	CAH1210.BA0862
1995	Tag Heuer	CAH7010
1996	Tag Heuer	CAJ2110
1997	Tag Heuer	CAJ2110.BA0872
1998	Tag Heuer	CAJ2110.FT6023
1999	Tag Heuer	CAK2110
2000	Tag Heuer	CAK2110.BA0833
2001	Tag Heuer	CAL2110
2002	Tag Heuer	CAL2110.FC6257
2003	Tag Heuer	CAN1010
2004	Tag Heuer	CAN1011.BA0821
2005	Tag Heuer	CAP2110
2006	Tag Heuer	CAP2110.BA0833
2007	Tag Heuer	CAP2112
2008	Tag Heuer	CAR2012
2009	Tag Heuer	CAR2110-3
2010	Tag Heuer	CAR2110.BA0720
2011	Tag Heuer	CAR2210.BA0721
2012	Tag Heuer	CAR2A10.BA0799
2013	Tag Heuer	CAR2A1W.BA0703
2014	Tag Heuer	CAR2A1Z
2015	Tag Heuer	CAR2A1Z.FT6044
2016	Tag Heuer	CAR2B10.BA0799
2017	Tag Heuer	CAR2B11.BA0799
2018	Tag Heuer	CAR2B11.FC6235
2019	Tag Heuer	CAR2B80.FC6325
2020	Tag Heuer	CAR2C11.FC6327
2021	Tag Heuer	CAR2C12.FC6327
2022	Tag Heuer	CAS2110
2023	Tag Heuer	CAU1115
2024	Tag Heuer	CAU111A
2025	Tag Heuer	CAU111A.FT6024
2026	Tag Heuer	CAV5115
2027	Tag Heuer	CAV5115.FT6019
2028	Tag Heuer	CAV511A
2029	Tag Heuer	CAV511A.BA0902
2030	Tag Heuer	CAV511A.FC6225
2031	Tag Heuer	CAV511B
2032	Tag Heuer	CAV511B.BA0902
2033	Tag Heuer	CAV5185.FC6237
2034	Tag Heuer	CAV518B
2035	Tag Heuer	CAV518B.FC6237
2036	Tag Heuer	CAW2110
2037	Tag Heuer	CAW2110.FC6177
2038	Tag Heuer	CAW2111
2039	Tag Heuer	CAW2111-0
2040	Tag Heuer	CAW2111.FC6183
2041	Tag Heuer	CAW2114
2042	Tag Heuer	CAW211P.FC6356
2043	Tag Heuer	CAY211B.BA0927
2044	Tag Heuer	CAZ2011.FT8024
2045	Tag Heuer	CBE2110
2046	Tag Heuer	CBE2110.BA0687
2047	Tag Heuer	CBE2110.FC8226
2048	Tag Heuer	CBE2111.BA0687
2049	Tag Heuer	CG1117
2050	Tag Heuer	CJ1110
2051	Tag Heuer	CJF2110
2052	Tag Heuer	CJF7110
2053	Tag Heuer	CJF7111
2054	Tag Heuer	CL2110
2055	Tag Heuer	CN211A
2056	Tag Heuer	CR2080.FC6375
2057	Tag Heuer	CR2110
2058	Tag Heuer	CR2111
2059	Tag Heuer	CR2113-0
2060	Tag Heuer	CR2114-0
2061	Tag Heuer	CS2111
2062	Tag Heuer	CS3111
2063	Tag Heuer	CS3140
2064	Tag Heuer	CT5114
2065	Tag Heuer	CV2010
2066	Tag Heuer	CV2010-2
2067	Tag Heuer	CV2010-3
2068	Tag Heuer	CV2010-4
2069	Tag Heuer	CV2010.BA0786
2070	Tag Heuer	CV2010.BA0794
2071	Tag Heuer	CV2011
2072	Tag Heuer	CV2011-0
2073	Tag Heuer	CV2013
2074	Tag Heuer	CV2013.BA0794
2075	Tag Heuer	CV2014
2076	Tag Heuer	CV2014-0
2077	Tag Heuer	CV2014-2
2078	Tag Heuer	CV2014.BA0794
2079	Tag Heuer	CV2015
2080	Tag Heuer	CV2017
2081	Tag Heuer	CV201AG
2082	Tag Heuer	CV201AG.BA0725
2083	Tag Heuer	CV201AH
2084	Tag Heuer	CV2050.BD0789
2085	Tag Heuer	CV2110-0
2086	Tag Heuer	CV2A10
2087	Tag Heuer	CV2A10.BA0796
2088	Tag Heuer	CV2A10.FC6235
2089	Tag Heuer	CV2A11
2090	Tag Heuer	CV2A12
2091	Tag Heuer	CV2A80
2092	Tag Heuer	CW2111
2093	Tag Heuer	CW2111-0
2094	Tag Heuer	CW2112
2095	Tag Heuer	CW2113
2096	Tag Heuer	CW2113-0
2097	Tag Heuer	CW2117
2098	Tag Heuer	CW2118
2099	Tag Heuer	CW211A
2100	Tag Heuer	CX2110
2101	Tag Heuer	CY2110
2102	Tag Heuer	CY2111
2103	Tag Heuer	WAC1214
2104	Tag Heuer	WAC1215
2105	Tag Heuer	WAC1215-0
2106	Tag Heuer	WAF1011
2107	Tag Heuer	WAF1312
2108	Tag Heuer	WAF1312.BA0817
2109	Tag Heuer	WAF1414
2110	Tag Heuer	WAF1416
2111	Tag Heuer	WAH1110
2112	Tag Heuer	WAH1211.BA0861
2113	Tag Heuer	WAH1212
2114	Tag Heuer	WAJ1110
2115	Tag Heuer	WAJ1110.BA0870
2116	Tag Heuer	WAJ2110
2117	Tag Heuer	WAJ2180
2118	Tag Heuer	WAK2111
2119	Tag Heuer	WAK2111.BA0830
2120	Tag Heuer	WAP2010
2121	Tag Heuer	WAP2010.BA0830
2122	Tag Heuer	WAR201A-1
2123	Tag Heuer	WAR5010
2124	Tag Heuer	WAS2112
2125	Tag Heuer	WAT1350.BB0957
2126	Tag Heuer	WAU2213.BA0861
2127	Tag Heuer	WAV5111
2128	Tag Heuer	WAV5112
2129	Tag Heuer	WAV5112.BA0901
2130	Tag Heuer	WAV5113
2131	Tag Heuer	WAV511A
2132	Tag Heuer	WAV511A.BA0900
2133	Tag Heuer	WAV511B
2134	Tag Heuer	WAW1313
2135	Tag Heuer	WAY1112.BA0928
2136	Tag Heuer	WAY1413.BA0920
2137	Tag Heuer	WAY201A.BA0927
2138	Tag Heuer	WAY201F.BA0927
2139	Tag Heuer	WAZ2113.BA0875
2140	Tag Heuer	WJ1110
2141	Tag Heuer	WJF2115
2142	Tag Heuer	WS2112
2143	Tag Heuer	WV2115
2144	Tag Heuer	WV211A.BA0787
2145	Tag Heuer	WV211B
2146	Tag Heuer	WV3010
2147	Tag Heuer	WV3010.EB0025
2148	Tag Heuer	WV5140
2149	Tag Heuer	WW2110
2150	Tag Heuer	WW2110-0
2151	Tag Heuer	WW2119.FC6338
2152	Tudor	10050
2153	Tudor	20020
2154	Tudor	20030
2155	Tudor	20040
2156	Tudor	20200
2157	Tudor	20300
2158	Tudor	20350N
2159	Tudor	20400
2160	Tudor	20550N
2161	Tudor	25000
2162	Tudor	25500TN
2163	Tudor	25600TB
2164	Tudor	25600TN
2165	Tudor	25610TNL
2166	Tudor	42000
2167	Tudor	42000CN
2168	Tudor	42000CR
2169	Tudor	42010N
2170	Tudor	7016/0
2171	Tudor	7017/0
2172	Tudor	7019/3
2173	Tudor	7021/0
2174	Tudor	70330
2175	Tudor	70330B
2176	Tudor	70330N
2177	Tudor	7149/0
2178	Tudor	7159/0
2179	Tudor	7169/0
2180	Tudor	72000
2181	Tudor	74000
2182	Tudor	74033
2183	Tudor	75090
2184	Tudor	75190
2185	Tudor	76100
2186	Tudor	76200
2187	Tudor	79030N
2188	Tudor	7904
2189	Tudor	7909
2190	Tudor	79090
2191	Tudor	79170
2192	Tudor	79180
2193	Tudor	79220B
2194	Tudor	79220N
2195	Tudor	79220R
2196	Tudor	79230
2197	Tudor	79230B
2198	Tudor	79230DK
2199	Tudor	79230G
2200	Tudor	79230N
2201	Tudor	79230R
2202	Tudor	79250BA
2203	Tudor	79250BB
2204	Tudor	79250BM
2205	Tudor	7926
2206	Tudor	79260
2207	Tudor	79260P
2208	Tudor	7928
2209	Tudor	79280
2210	Tudor	79280P
2211	Tudor	7934
2212	Tudor	79350
2213	Tudor	79380
2214	Tudor	79380P
2215	Tudor	7944
2216	Tudor	7960
2217	Tudor	7962
2218	Tudor	79620T
2219	Tudor	7964
2220	Tudor	7965
2221	Tudor	7966
2222	Tudor	79730
2223	Tudor	79733N
2224	Tudor	79830RB
2225	Tudor	79910
2226	Tudor	7996
2227	Tudor	89190
2228	Tudor	91210N
2229	Tudor	92413
2230	Tudor	94010
2231	Tudor	9411/0
2232	Tudor	94200
2233	Tudor	94210
2234	Tudor	94300
2235	Tudor	94400
2236	Tudor	94500
2237	Tudor	94613
2238	Tudor	M79830RB
2239	Ulysse Nardin	016-88
2240	Ulysse Nardin	020-81
2241	Ulysse Nardin	026-88
2242	Ulysse Nardin	1062-113
2243	Ulysse Nardin	1183-122-3/42
2244	Ulysse Nardin	1183-126
2245	Ulysse Nardin	1183-126-3/40
2246	Ulysse Nardin	133-77-9
2247	Ulysse Nardin	1533-150-3/40
2248	Ulysse Nardin	1600-100
2249	Ulysse Nardin	203-22
2250	Ulysse Nardin	2056-131/03
2251	Ulysse Nardin	223-22
2252	Ulysse Nardin	223-88
2253	Ulysse Nardin	223-88-7
2254	Ulysse Nardin	233-48
2255	Ulysse Nardin	243-00-3/42
2256	Ulysse Nardin	243-00/42
2257	Ulysse Nardin	243-10-3/391
2258	Ulysse Nardin	243-55
2259	Ulysse Nardin	243-55/62
2260	Ulysse Nardin	243-55/92
2261	Ulysse Nardin	243-92
2262	Ulysse Nardin	246-00-3/42
2263	Ulysse Nardin	246-00/42
2264	Ulysse Nardin	246-10/391
2265	Ulysse Nardin	246-55/31
2266	Ulysse Nardin	246-92/692
2267	Ulysse Nardin	263-22
2268	Ulysse Nardin	263-33
2269	Ulysse Nardin	263-33-3/92
2270	Ulysse Nardin	263-55
2271	Ulysse Nardin	263-55-3/92
2272	Ulysse Nardin	263-66
2273	Ulysse Nardin	263-66-3
2274	Ulysse Nardin	263-67
2275	Ulysse Nardin	263-67-3/43
2276	Ulysse Nardin	263-67/40
2277	Ulysse Nardin	263-68
2278	Ulysse Nardin	263-90-3/91
2279	Ulysse Nardin	263-90-3/92
2280	Ulysse Nardin	263-92-3C/923
2281	Ulysse Nardin	263-97LE-3C
2282	Ulysse Nardin	266-22
2283	Ulysse Nardin	266-33
2284	Ulysse Nardin	266-33-3A/92
2285	Ulysse Nardin	266-36LE-3A
2286	Ulysse Nardin	266-66
2287	Ulysse Nardin	266-66-3/625
2288	Ulysse Nardin	266-67-3/42
2289	Ulysse Nardin	273-68
2290	Ulysse Nardin	273-68/421
2291	Ulysse Nardin	320-22
2292	Ulysse Nardin	320-60/60
2293	Ulysse Nardin	322-00
2294	Ulysse Nardin	329-60
2295	Ulysse Nardin	329-80
2296	Ulysse Nardin	333-77-7
2297	Ulysse Nardin	353-66
2298	Ulysse Nardin	356-66/354
2299	Ulysse Nardin	513-22
2300	Ulysse Nardin	603-77
2301	Ulysse Nardin	670-88
2302	Ulysse Nardin	675-00
2303	Ulysse Nardin	8003-102
2304	Ulysse Nardin	8003-102-3/92
2305	Ulysse Nardin	8006-102-3A/92
2306	Ulysse Nardin	8103-101
2307	Ulysse Nardin	8153-111-2/E3
2308	Ulysse Nardin	8156-111
2309	Ulysse Nardin	8156-111-2/92
2310	Zenith	01-0210-415
2311	Zenith	01.0125.680
2312	Zenith	01.0240.410
2313	Zenith	01.0250.684
2314	Zenith	01.0500.400
2315	Zenith	01/02.0450.400
2316	Zenith	01/02.0450.682
2317	Zenith	01/02.0451.682
2318	Zenith	02.0240.410
2319	Zenith	02.0250.684
2320	Zenith	02.0310.400
2321	Zenith	02.0500.400
2322	Zenith	03.0510.4100/02.C492
2323	Zenith	03.0516.4000/01.R642
2324	Zenith	03.0520.4002
2325	Zenith	03.0520.679
2326	Zenith	03.0526.4000
2327	Zenith	03.0526.4021
2328	Zenith	03.0550.400
2329	Zenith	03.0550.4021
2330	Zenith	03.1125.685
2331	Zenith	03.1260.4021
2332	Zenith	03.2020.670
2333	Zenith	03.2041.4052/69.C496
2334	Zenith	03.2070.4054/22.C708
2335	Zenith	03.2085.4021/51.C700
2336	Zenith	03.2240.4069/21.C774
2337	Zenith	03.2430.3000/21.C738
2338	Zenith	03.2430.693/21.C723
2339	Zenith	06-0050-400
2340	Zenith	06.0050.400
2341	Zenith	11.2240.405/21.C773
2342	Zenith	15/02-0460-400
2343	Zenith	18.2020.670/11.C498
2344	Zenith	22.1925.4062/80.C725
2345	Zenith	29.2430.679/21.C753
2346	Zenith	30.0040.680
2347	Zenith	59.0010.400
2348	Zenith	65.1260.4005/77.C611
2349	Zenith	95.9000.9004/78.R582
2350	Zenith	96.0525.4000/21.M525
2351	Zenith	96.0527.4021
2352	Zenith	96.0550.4007/77.C550
